rank,channel_title,genre,saw_score,avg_view_count,avg_like_count,avg_comment_count,avg_watch_time,avg_engagement_rate,subscriber_count,top_video_titles,top_video_views,top_video_links
1,Fadil Jaidi,Entertainment,0.5649,3936615,203818,7208,1224742.68,0.0541,6500000,"['SAHUR PERTAMA WITH NEW MEMBER', 'MISKAH LAHIRAN']","[7491508, 5793764]","['https://www.youtube.com/watch?v=1OZTUriuTRo', 'https://www.youtube.com/watch?v=FqEWzXYu3ss']"
2,Willie Salim,Entertainment,0.5283,356513,8851,343,9828.15,0.1027,37700000,"['MAU NIKAH TAPI BEDA AGAMA‚Ä¶', 'ada yang tau kuat berapa sate']","[1437347, 733193]","['https://www.youtube.com/watch?v=gUYOIsExy08', 'https://www.youtube.com/watch?v=efPPwyBXxMg']"
3,Deddy Corbuzier,Podcast,0.517,2467700,51035,4771,2617151.98,0.0233,24800000,"['KING ALOY: IYEE OPA GUE MUCIKARI OM‚ÄºÔ∏èINI GUE DI  HIPNOTIS YA!?? KAKI SAMPE DIKEPALAü§™', 'DILAN JANIYAR: MANTANKU MOKONDO OM‚ÄºÔ∏èVIDI: APA ITU MOKONDO?? üòÇüòÇ - ARIF BRATA']","[5329001, 4520310]","['https://www.youtube.com/watch?v=2yz0llmrUvQ', 'https://www.youtube.com/watch?v=xnZfToTotOE']"
4,Nadia Omara,Entertainment,0.3639,1831310,70207,2387,866016.93,0.0394,12800000,"['SONGKO - KHW PART 312', 'SAYEM - KHW PART 313']","[3724863, 3612662]","['https://www.youtube.com/watch?v=KOuVyZfIIy0', 'https://www.youtube.com/watch?v=piZSHyLuEY8']"
5,Agung Hapsah,Entertainment,0.3434,1206526,67352,2842,479447.36,0.0561,2260000,"['video ini ditonton 2.276.012 kali', 'aku ditabrak terus']","[2430201, 1767240]","['https://www.youtube.com/watch?v=E-_W9AxV6kA', 'https://www.youtube.com/watch?v=ryzOA9ODGes']"
6,CURHAT BANG Denny Sumargo,Podcast,0.3385,1771881,35132,12144,1378619.36,0.0218,8280000,"['ISI REKAMAN NIKMIR MENUMBANGKAN BANYAK PIHAK, REZA GLADYS\xa0KETAR\xa0KETIR‚ÅâÔ∏è', 'AKU GA ADA SUAP HAKIM, DIA HANC*RIN M3NTAL & KREDIBILITASKU SEBAGAI DOKTER‚ÄºÔ∏è\xa0(REZA\xa0GLADYS)']","[4836855, 4031705]","['https://www.youtube.com/watch?v=ueazjC4X7wg', 'https://www.youtube.com/watch?v=_Ui4thbpID4']"
7,Hirotada Radifan,Entertainment,0.3383,1023895,53578,2964,507960.17,0.0556,3910000,"['PAMALI UANG NGANGGUR BISA JADI TUMBAL -TC', 'BANGKIT DARI KUBUR MENUNTUT GINJ4L - TC']","[1409623, 1369862]","['https://www.youtube.com/watch?v=jYz1Sz6Zbmo', 'https://www.youtube.com/watch?v=qnwnhCcRnw4']"
8,omped_visual,Entertainment,0.325,4404128,78867,1126,306961.83,0.0194,12800000,"['Siapa disini yg takut juga pulang main lewat kuburan ? #short #lucu #komedi', 'Kalian ikut lomba nangkap belut juga ga ? #short #lucu #komedi #hutri80']","[9246227, 5969595]","['https://www.youtube.com/watch?v=DLYKu-H_G9g', 'https://www.youtube.com/watch?v=jf79Y7os-e0']"
9,Pertajam Pola Pikir,Edukasi,0.3115,59462,3812,325,10208.24,0.0769,256000,"['TOP 5 KEBIASAAN YG MERUSAK OTAK DAN SELALU ADA PADA REMAJA.', 'Kenapa Orang Rela Terlihat T0l*l Demi Ikut Trend?']","[156091, 105076]","['https://www.youtube.com/watch?v=WB8UaJ2LZ2M', 'https://www.youtube.com/watch?v=QOa-3vQN-Ko']"
10,Yudha Pangestu,Kuliner,0.2906,58117,3731,23,2020.22,0.0709,1970000,"['CUNGKRING YANG UDAH ADA SEJAK TAHUN 1975', 'BURGER VIRAL BUKAN DI SERPONGGü§§']","[220249, 60914]","['https://www.youtube.com/watch?v=Ou-tgJIz9mo', 'https://www.youtube.com/watch?v=e09Wl6iiCZs']"
11,Kok Bisa?,Edukasi,0.2889,174419,9350,357,9369.6,0.0659,5920000,"['‚ÄòSenjata‚Äô Perang Terkejam: Kelaparan Massal?', 'Gimana Jika Kita Napas dengan 100% Oksigen Murni?']","[623536, 371206]","['https://www.youtube.com/watch?v=k7pOxiTGPNU', 'https://www.youtube.com/watch?v=Kw_UNZXNffQ']"
12,Raymond Chin,Edukasi,0.288,173144,10078,409,3986.14,0.0677,3070000,"['Bedah Bisnis Silverqueen', 'Starlink Keluar Dari Indonesia?']","[838798, 171759]","['https://www.youtube.com/watch?v=2vaXY6618ig', 'https://www.youtube.com/watch?v=D0ccI6moE90']"
13,Layar Kertas,Edukasi,0.2785,94070,4125,149,25736.64,0.0682,29400,"['Cara Gampang Tahu Orang Bohong (Teknik Rahasia CIA) | Spy The Lie', 'Profesor Ini Bongkar Cara Dunia Manipulasi Kamu Tiap Hari (& Cara Melawan) | Influence']","[315452, 264428]","['https://www.youtube.com/watch?v=IdF8t-8tauE', 'https://www.youtube.com/watch?v=8EBqN29qOjI']"
14,Akbar Abi,Edukasi,0.2735,85220,5632,167,30097.77,0.0667,106000,"['Cara Memulihkan Fungsi Otak - brainrot, kekuatan neuroplasticity', 'Perbaiki 5 Sistem Ini Untuk Menang di 2025 - ambisius tapi males, work life balance omong kosong']","[375740, 199242]","['https://www.youtube.com/watch?v=2S1Xts88D4o', 'https://www.youtube.com/watch?v=H1HTr45MR14']"
15,Juan Owen,Kuliner,0.269,62860,3916,30,1048.86,0.0666,221000,"['Nasi Kapau Kampuang #kuliner #nasikapau', 'Mul Bakso Malang #kuliner #baksomalang']","[130617, 104440]","['https://www.youtube.com/watch?v=VNfph-V5Bpg', 'https://www.youtube.com/watch?v=TxvoF1c6rg4']"
16,Timothy Ronald,Edukasi,0.2511,306070,12516,1842,208010.36,0.0516,2900000,"['Misi Membangun 1000 Sekolah Ft. Agatha Chelsea', 'Cara Orang Kaya Mengelola Uang vs Orang Miskin']","[808302, 458602]","['https://www.youtube.com/watch?v=gtLyIdr8ZCc', 'https://www.youtube.com/watch?v=of-aGwSrsj0']"
17,MALAKA,Podcast,0.2504,65162,2497,191,14555.44,0.0611,908000,"['Revolusi Dimulai dari Pati!', 'Penjelasan Ade Rai Tentang Pemahaman Keliru soal Obesitas dan Latihan Beban']","[413877, 172121]","['https://www.youtube.com/watch?v=P4hbu1Y4BZU', 'https://www.youtube.com/watch?v=uONMGj71Cps']"
18,Edutektif,Edukasi,0.2491,1785,131,4,213.41,0.0626,94100,"['Rahasia Mengingat Informasi yang Tidak Diajarkan Sekolah', 'Kenapa tes kepribadian itu kebanyakan bohong?']","[9869, 1353]","['https://www.youtube.com/watch?v=uD3KaNS3azY', 'https://www.youtube.com/watch?v=3tpP09PG9MY']"
19,Dolewak,Edukasi,0.2459,64168,3633,69,951.38,0.06,1420000,"['Lupa Mau BAB #animasidolewak', 'Suka Nge Gym Itu Otaknya Kosong? #animasidolewak']","[153125, 91584]","['https://www.youtube.com/watch?v=iizZSX-rHMk', 'https://www.youtube.com/watch?v=t5i3il0kML8']"
20,Nihongo Mantappu,Entertainment,0.2446,694526,24675,1722,364462.11,0.0366,10700000,"['MUKBANG DI KANTIN MALL FX SUDIRMAN! LANGGANAN HARUKA & MEMBER JKT 48?! | JEROME HARUKA VLOG', 'KULINERAN DAN REUNI BARENG WASEDABOYS & HITOMI! MAKAN RAMEN & SUSHI TERMANTAP DI JEPANG!?']","[1372299, 1338287]","['https://www.youtube.com/watch?v=BdpP9WJkv1I', 'https://www.youtube.com/watch?v=V97sPxictRQ']"
21,Agusleo Halim,Edukasi,0.2434,31770,1808,45,2280.44,0.0601,898000,"['BELAJAR PROMPT AI CHATGPT 5.0 (UPDATE TERBARU 2025)', 'Pelajaran 30an dibawah 14 Detik']","[63481, 44830]","['https://www.youtube.com/watch?v=4Fj6-_80h9s', 'https://www.youtube.com/watch?v=tGrcZHkEJBY']"
22,Mamank Kuliner,Kuliner,0.239,161610,8805,262,10648.06,0.0568,1150000,"['BEGAH', 'JULID BANGET ! ü§¨']","[340356, 222841]","['https://www.youtube.com/watch?v=z7-jeO3-cZ0', 'https://www.youtube.com/watch?v=wMyIu4UafIo']"
23,Jagat Review,Techno,0.2388,11960,687,59,1125.8,0.0582,2340000,"['Redmi 15C Cuma 1 Jutaan, Apa Yang Baru?', 'AI di Firefox Bikin PC Jadi Lemot?']","[19657, 17769]","['https://www.youtube.com/watch?v=1dyeYwKtYSk', 'https://www.youtube.com/watch?v=NsIXlLU1BNE']"
24,Ardhianzy,Edukasi,0.237,80172,2526,323,54001.34,0.0567,841000,"['Bagaimana Cara Setan Berpikir? | Psikologi Setan/Lucifer/Iblis/Daemon', 'Tidak Semua Penderitaan Ada Hikmahnya, Lalu‚Ä¶']","[178044, 120134]","['https://www.youtube.com/watch?v=gidT6saW_ks', 'https://www.youtube.com/watch?v=CbXEz4hEQGw']"
25,Rizky Aulia,Entertainment,0.2344,70452,2538,302,8196.21,0.0505,10600000,"['INI SERIUSAN WINDAH BASUDARA? | MTK #37', 'Tiba2 aja jadi pembina upacaraüóø#shorts ']","[192729, 136319]","['https://www.youtube.com/watch?v=6trhtb111-c', 'https://www.youtube.com/watch?v=My_xCxo4rvQ']"
26,NanaKoot,Kuliner,0.2343,692273,31619,275,19600.99,0.0482,2080000,"['CI MEHONG VS KOH GERRY ‚Ä¶ NIH YG LAGI HOT2NYA GARA2 URUSAN KARYAWAN üòÇüòÇ', 'EMANG YG JAUH2 ITU SELALU ENAK ‚Ä¶ BANG IPUL KAPAN BUKA DAERAH JAKBAR NIH üòÇüòÇ']","[1439000, 1348916]","['https://www.youtube.com/watch?v=RFmjsbfrbtE', 'https://www.youtube.com/watch?v=0djGZqgmeP8']"
27,GadgetIn,Techno,0.2273,1139072,22345,2743,341735.71,0.0264,13500000,"['2,199 JUTA pun udah SECANTIK INI ü•≤ - Unboxing Infinix HOT 60 PRO Indonesia!', 'Alasan saya SUKA dengan brand HP satu ini...']","[2082444, 1826028]","['https://www.youtube.com/watch?v=-32e0O9wkIE', 'https://www.youtube.com/watch?v=Ld81UkSIDSI']"
28,Hariyo Ardhito,Entertainment,0.2248,683942,25176,42,12548.17,0.0372,15900000,"['Bawa Daging Dari Rumah ke Restoran Mewah', 'Masak Daging Saus Coklat Pedas di Resto Mewah']","[4246717, 1293122]","['https://www.youtube.com/watch?v=a-nFb9kL4Ok', 'https://www.youtube.com/watch?v=ewJKbabEQF8']"
29,tanboy kun,Kuliner,0.2237,679704,15740,551,196502.3,0.0301,20300000,"['MUKBANG SAMYANG DUMPLING TERBARU + MIE SAMYANG MOZZARELLA!!', 'RELA KE BANDUNG DEMI MAKAN SATE KULIT AYAM JUMBO!!']","[1597971, 1241204]","['https://www.youtube.com/watch?v=P3_MImSD1LU', 'https://www.youtube.com/watch?v=KQHmK4_wYus']"
30,Satu Persen - Indonesian Life School,Edukasi,0.2214,19666,752,45,1773.37,0.053,3500000,"['Orang yang kerja di pabrik roti belum tentu bisa beli rotinya? #Kapitalisme #Ekonomi #KritikSosia', 'Kenapa Harga Emas Naik Terus? (Belajar Analisis Makroekonomi)']","[51372, 32158]","['https://www.youtube.com/watch?v=YW7j8pAh4OE', 'https://www.youtube.com/watch?v=FT7znpbykU4']"
31,Kuliah Kehidupan,Edukasi,0.2197,49367,2362,271,8338.63,0.0539,648000,"['Berhenti sejenak tonton ini dan beristirahatlah', 'Saya pilpres kemarin memilih pak Prabowo']","[183316, 66463]","['https://www.youtube.com/watch?v=l3t2BXRHWJQ', 'https://www.youtube.com/watch?v=B12Lx8nf3tg']"
32,Mario Caesar,Podcast,0.219,348792,15101,718,241667.17,0.0447,129000,"['Podcast Keluarga Artis Ep.15 - Pertemuan 3 Orang Jenius', 'Podcast Keluarga Artis Ep.16 ‚Äì Marco Ivanos Juga Keluarga Artis']","[928990, 493987]","['https://www.youtube.com/watch?v=CaklHISbki8', 'https://www.youtube.com/watch?v=Yw7e9MGUaPQ']"
33,Raditya Dika,Podcast,0.2188,276380,7884,601,185019.67,0.0398,10900000,"['Hasil Didikan Ibu Soimah', 'Saya Penggemar Rich Brian']","[1085936, 513445]","['https://www.youtube.com/watch?v=CCVNaFJDiuU', 'https://www.youtube.com/watch?v=rg5OqMu00m0']"
34,Ria SW,Kuliner,0.2138,975446,28539,754,374890.93,0.0305,4570000,"['MENGGILA DI TAOYUAN #14', 'ZHONGLI NIGHT MARKET #15']","[1345629, 1268964]","['https://www.youtube.com/watch?v=-eo4cUPxYew', 'https://www.youtube.com/watch?v=orl6IaUH9gs']"
35,Risyad and Son,Podcast,0.2094,514425,18988,245,29555.7,0.0453,636000,"['MAKANAN TERJOROK DI DUNIA?? üò±ü•∂', 'KEPALANYA KETIBAN KOK MALAH JADI JENIUS?? üò±ü•∂']","[3564452, 516360]","['https://www.youtube.com/watch?v=dRYgYKqZqGg', 'https://www.youtube.com/watch?v=_lk23deuI3o']"
36,Pebbi Lieyanti,Entertainment,0.2,347107,11932,357,80277.01,0.0429,1870000,"['BELI SEMUA MAKANAN VIRAL TIKTOK, PART 29!', 'INNALILLAHI, BELI LIVE TIKTOK YANG SEPI, PART 12!']","[605007, 556940]","['https://www.youtube.com/watch?v=PFdiaSBUNog', 'https://www.youtube.com/watch?v=eHS6hw3OjU4']"
37,Maudy Ayunda,Edukasi,0.1989,65442,1636,37,40572.87,0.0477,1010000,"['Dream Career VS Reality - Maudy Ayunda & Iman Usman', 'Lahir Dengan Privilege, Terus Apa? - Maudy Ayunda & Grace Tahir']","[226344, 196926]","['https://www.youtube.com/watch?v=jG_NnYxODQA', 'https://www.youtube.com/watch?v=t6DTjsYq1nU']"
38,Nessie Judge,Entertainment,0.1979,226520,7846,405,70364.36,0.0374,11500000,"['""GUNA-GUNA!"" PENGALAMAN2 HOROR ASLI Nerrorist! | #NERROR CERITA HORROR', 'KASUS TRAGIS ""RATU MUSIK"" MEKSIKO! SELENA QUINTANILLA. | #NERROR']","[686411, 528894]","['https://www.youtube.com/watch?v=T-KcIqDlTOI', 'https://www.youtube.com/watch?v=U65vHBqiZ98']"
39,Jessica Jane,Entertainment,0.1966,446006,13114,233,73426.47,0.0346,11600000,"['Jessica Jane Barbie Girl Trend', '24 JAM SERBA DIMSUM DARI MURAH-MAHAL!']","[1449590, 497498]","['https://www.youtube.com/watch?v=-XKR8MDAj9w', 'https://www.youtube.com/watch?v=HTAB2zM4Qbg']"
40,Edward Halim,Entertainment,0.1932,616877,21707,261,19045.34,0.0405,431000,"['9 Tahun Belom Makan Ini', 'yang dicari cari']","[4363709, 915486]","['https://www.youtube.com/watch?v=dKk132ROJKk', 'https://www.youtube.com/watch?v=PqOfd3HgQIU']"
41,Web Programming UNPAS,Techno,0.1919,9675,496,18,4664.15,0.0474,967000,"['Bikin Web yang Lebih Baik‚ú®', 'Tutorial Penyelamat Hidup üî•']","[24363, 22439]","['https://www.youtube.com/watch?v=G45V9zVukhE', 'https://www.youtube.com/watch?v=9lkfMYpKH88']"
42,Ferry Irwandi,Edukasi,0.1899,236074,8543,1255,82839.38,0.0411,1780000,"['Tan Malaka, Revolusi dan Sejarah yang hilang di One Piece', 'Yang ""BERMASALAH"" Dalam Abolisi Tom Lembong']","[770780, 652229]","['https://www.youtube.com/watch?v=pD3z2Nansxs', 'https://www.youtube.com/watch?v=CAVCfLO9zTo']"
43,Farida Nurhan,Kuliner,0.188,73014,2108,85,8786.44,0.0426,5260000,"['SERUNYA OMAY VISIT PABRIK ROTI ROPPANG DI JOMBANG - JAWA TIMUR!!', 'YANG BENAR SAJA!! ASHANTY JUALANN MIE GORENG 20 RIBU DOANG!!']","[347239, 206055]","['https://www.youtube.com/watch?v=o_myYmJJt5o', 'https://www.youtube.com/watch?v=PLTm45ooxkY']"
44,Bianca Kartika,Entertainment,0.1861,330885,12032,644,107335.03,0.039,1550000,"['UPDATE STREETFOOD KOREA TERBARU üá∞üá∑ BARENG MAMA üòç FULL NGAKAK ü§£', 'VLOG HAMIL EP. 1 üá∞üá∑ CERITA AWAL HAMIL, BIKIN SURPRISE BUAT SUAMI, REAKSI TEMEN2 TERDEKAT DI KOREA üòç']","[781221, 433883]","['https://www.youtube.com/watch?v=r6zrOf63WPQ', 'https://www.youtube.com/watch?v=LoB9g1WoSNk']"
45,TAULANY TV,Entertainment,0.1836,166764,3093,234,145689.31,0.0356,7800000,"['RIGEN MEMBER BARU ATF GANTIIN EL RUMI.. LEBIH BAGUS EL RUMI SIH KAYAKNYA..', 'LOMBA 17AN PALING BIKIN EMOSI TAPI LUCU.. HOST DAN PESERTA MALAH BERANTEM']","[674162, 656833]","['https://www.youtube.com/watch?v=RBzj9K0_ya4', 'https://www.youtube.com/watch?v=pXsuWyv46hU']"
46,Paropo Nauli,Otomotif,0.1794,119916,4196,398,33513.19,0.0419,1270000,"['ZX25R SIVANA vs NINJA PEMBURU HEREX‚ÄºÔ∏èKIRA"" DITINGGAL BERAPA BAN??', 'ZX25R PEMBURU HEREX vs ZX25R PENGHUNI ANTASARI‚ÄºÔ∏èBAWAHNYA NGACIR BANGET']","[265390, 189783]","['https://www.youtube.com/watch?v=ScIKYY1xQsw', 'https://www.youtube.com/watch?v=0Xa2YzYf-sw']"
47,B Channel,Otomotif,0.1769,5100,155,46,778.08,0.0439,702000,"['In Depth Tour Xpeng G6 Pro - Indonesia', 'In Depth Tour BMW iX xDrive45 [I20] - Indonesia']","[7119, 6769]","['https://www.youtube.com/watch?v=2_owfvkrecc', 'https://www.youtube.com/watch?v=JD_vjOhnxUc']"
48,Sibungbung Official Channel,Kuliner,0.1761,213082,8161,112,4383.8,0.0402,2030000,"['Gak nyangka tempat sederhana gini , ada rahang tuna jumbo, besar banget dagingnya tebal halus.', 'Tamu nya mancanegara sampai sudah ada 100 negara lebih ‚Ä¶ sate kebanggaan warga Yogya sih ini.']","[413610, 370774]","['https://www.youtube.com/watch?v=gDhAWMi4RoU', 'https://www.youtube.com/watch?v=1zn3FnRbPZ8']"
49,Programmer Zaman Now,Techno,0.1753,21346,650,97,3483.87,0.0435,295000,"['üí∞ GILA! Berapa Biaya Server Gojek & Blibli Per Bulan?', 'Kenapa programmer butuh monitor lebar?']","[58739, 44956]","['https://www.youtube.com/watch?v=pNxXePwYQ14', 'https://www.youtube.com/watch?v=-HXiCQws7Zs']"
50,Agak Laen Official,Podcast,0.1752,433313,9751,336,500345.17,0.0268,1130000,"['CERITA GURITA BISNIS DOKTER TIRTA ""CIPENG"" SEJAK KULIAH', 'BARU DUA BULAN MARIO CAESAR UDAH KENA SELINGKUH?!']","[2422577, 436112]","['https://www.youtube.com/watch?v=GXQ80fdGVKU', 'https://www.youtube.com/watch?v=p2GhYBuFIoA']"
51,Gita Wirjawan,Podcast,0.1692,30521,862,23,49475.56,0.0403,1070000,"['Indonesia‚Äôs Big Bet? An SWF Expert Breaks Down Danantara - Ashby Monk | Endgame #225 (Luminaries)', 'Why the World Looks Like the World Today? - Wang Gungwu | Endgame #228']","[130939, 81083]","['https://www.youtube.com/watch?v=S0GcAdhLKYE', 'https://www.youtube.com/watch?v=_A6x_21ojD0']"
52,Medy Renaldy,Entertainment,0.1672,489192,12013,1799,124032.86,0.0299,4290000,"['UNBOXING MYSTERY BOX MAINAN RP 1.000 SAMPAI RP 1.000.000!', 'AKU NEMU TELUR DINOSAURUS YANG BISA MENETAS SENDIRI! | JURASSIC WORLD PRIMAL HATCH UNBOXING & REVIEW']","[866872, 671502]","['https://www.youtube.com/watch?v=Dha_YcUE0uA', 'https://www.youtube.com/watch?v=gZu4DUHEnnA']"
53,Tentang Uang,Edukasi,0.1668,2337,74,8,451.45,0.0419,37300,"['KENAPA UANG KITA CEPAT HABIS', 'CARA AMAN DAN GAMPANG MEMBELI MEME COIN | TUTORIAL TROJAN BOT']","[10063, 5494]","['https://www.youtube.com/watch?v=FFxEWkpXrVk', 'https://www.youtube.com/watch?v=J1b6HpWS8Fc']"
54,Sobat HAPE,Techno,0.1651,100831,828,126,13843.2,0.0394,1130000,"['Tablet paling KOMPLIT yang bisa kalian beli! - Huawei Matepad 11.5 (2025)', 'SAMSUG GALAXY S25 ULTRA AMPAS!! JANGAN DIBELI!!!']","[710919, 97525]","['https://www.youtube.com/watch?v=ev419t-fx_o', 'https://www.youtube.com/watch?v=U5NctrmbPsY']"
55,DKID Media,Techno,0.1629,92436,662,88,17189.64,0.0386,1560000,"['PAKET LENGKAP !!! Tablet 5 Jutaan yang bikin iPad malu | Huawei Matepad 11.5 2025', 'BUMN Ketar-ketir Loh Ya üòπ #infinixhot60proplus']","[745454, 82676]","['https://www.youtube.com/watch?v=ZTsk0-qn_A0', 'https://www.youtube.com/watch?v=1Zs3QqDRyBI']"
56,iben_ma,Entertainment,0.1622,354643,15510,164,26202.4,0.0326,4620000,"['TUKANG SUSHI PINGGIR JALAN MAKAN OMAKASE DARI..üò±', 'GUA BARU KETIPU SAMPE 100 JUTA..üò±']","[2467413, 320134]","['https://www.youtube.com/watch?v=UZezYc9pkec', 'https://www.youtube.com/watch?v=dQ3tojAkSKY']"
57,RJL 5 - Fajar Aditya,Podcast,0.1612,326152,5431,768,319360.53,0.0257,5310000,"['TEREKAM KAMERA?! 8 TAHUN KERJA DI KANTOR ELIT PENUH SETAN JAKARTA SELATAN #OMMAMAT', '8 HARI 9 MALAM TEROR DI BUS DAN DI HOTEL JAWA TIMUR! CERITA KEGIATAN SEKOLAH PALING HOROR? #OMMAMAT']","[907483, 754977]","['https://www.youtube.com/watch?v=rvIbs_pVMMc', 'https://www.youtube.com/watch?v=gxT65xWXmhA']"
58,Bang Tutorial,Techno,0.1606,13562,401,97,4597.81,0.0391,1380000,"['Bikin Bot Catatan Keuangan dengan n8n untuk Pemula (Bisa Upload Struk & Cek Laporan)', 'Cara Menghubungkan WhatsApp ke n8n | WAHA + n8n untuk Pemula']","[43327, 34924]","['https://www.youtube.com/watch?v=sZMQzHlbTDM', 'https://www.youtube.com/watch?v=NeSz_2Bdvkw']"
59,Tekno Tuner HS Official,Otomotif,0.1601,111568,3723,259,50840.26,0.0373,530000,"['H-1 ARISAN HP969‚ÄºÔ∏èKOHANS SETTING 4 MOTOR MENCARI TIME TERBAIK', 'TEKNO TUNER SAPU BERSIH PODIUM DIKELAS SUNMORI PRO ‚ÄºÔ∏è']","[194915, 157711]","['https://www.youtube.com/watch?v=o2VBxtmQKXs', 'https://www.youtube.com/watch?v=h9U9fy5_L4g']"
60,ochaxt,Techno,0.1601,16634,581,45,2953.01,0.0398,199000,"['React Setup KREATOR TECH!', 'Tablet Flagship 7 Jutaan lengkap sama Play Store! Xiaomi Pad 7 Pro!']","[36501, 30501]","['https://www.youtube.com/watch?v=6z6FS1OUcmM', 'https://www.youtube.com/watch?v=zlyp8vjBaiY']"
61,Tirta PengPengPeng,Edukasi,0.1573,323107,7942,843,268716.43,0.0283,1440000,"['#suaratirta NGOBROL BARENG DOKTER SPESIALIS THT: dr. MAHATMA SOTYA BAWONO, M.Sc., Sp.THT-KL. !', '#cipengvlog MENGOBATI RASA PENASARAN, KITA UJI TES CPET MICHAEL CHARLES DI WELSPRO!']","[557017, 511900]","['https://www.youtube.com/watch?v=MQ1S-9ky__s', 'https://www.youtube.com/watch?v=P7VYEbH6yYI']"
62,Ini Kata Dokter,Edukasi,0.1573,90888,2518,85,11509.62,0.0379,430000,"['Kebiasaan Merusak Ginjal!', 'Penyebab Cegukan']","[661870, 78062]","['https://www.youtube.com/watch?v=-E0Brk3Fy5s', 'https://www.youtube.com/watch?v=7-LbsitHzUQ']"
63,Youtuber Cupu,Techno,0.1563,140067,4087,466,18293.14,0.0365,732000,"['HP Ini Dihujat 1 Internet..', 'Ketika OPPO Serius Menantang POCO F7']","[336157, 258248]","['https://www.youtube.com/watch?v=eW5oFJeeJ94', 'https://www.youtube.com/watch?v=dwMkWGVZ2vg']"
64,Fajrul Fx,Techno,0.1548,202286,4906,434,52010.99,0.0344,1280000,"['Setelah meninggal dunia, otak Einstein dicuri, lalu diteliti. Ini hasilnya.', 'Bagaimana Teori Relativitas Einstein Pertama Kali Dibuktikan']","[547801, 345921]","['https://www.youtube.com/watch?v=ynumlnJEFvE', 'https://www.youtube.com/watch?v=SLI4d4tdg5k']"
65,deHakims channel,Entertainment,0.1544,160787,3217,151,62098.36,0.0285,10400000,"['SYOKK..! RAFFI AHMAD KASIH HADIAH GEDE BANGET UNTUK DJALU JUARA 1 DI PIALA PRESIDEN...!!', 'POPEYE KABUR KARNA BIRAHI PENGEN CAPER DIDEPAN ASRAMA PUTRI..!']","[391289, 230688]","['https://www.youtube.com/watch?v=iEN--E5XxTU', 'https://www.youtube.com/watch?v=4eXTVpw6-Qk']"
66,Garasi Drift,Otomotif,0.1537,367570,9243,610,180397.06,0.0286,2140000,"['Nemu JIMAT MISTIS di Opel Rekord | Kecowagon Diesel Ep. 2', 'Mobil Ini Mengandung KARAT 50%‚ÄºÔ∏è | Ep. 3 KCWGN']","[641942, 600175]","['https://www.youtube.com/watch?v=XEaX2ABuuTo', 'https://www.youtube.com/watch?v=4_xH2TexD2M']"
67,Lentera Malam,Podcast,0.1516,237036,5670,555,292379.3,0.0266,2690000,"['TERBONGKAR!! SUZZANA PERNAH DIVONIS MENINGGAL OLEH DOKTER TAPI HIDUP LAGI', 'SEBELUM UJI NYALI BANG JAMAL HARUS IKUT RITUAL SUZZANNA!! MAKAN MELATI & MANDI KEMBANG']","[710443, 531242]","['https://www.youtube.com/watch?v=gidcNbzixVQ', 'https://www.youtube.com/watch?v=MA_m12q2Fmc']"
68,Bestindotech,Techno,0.1487,12375,319,41,4178.59,0.0366,739000,"['HAMPIR SEJAM!! BIT MEGA UNBOXING EP. 24 üéÅ', 'COMEBACK Adu Kamera HP! Blind Test HUAWEI Pura 80 Ultra vs vivo X200 Ultra vs Samsung S25 Ultra üî•']","[31131, 27780]","['https://www.youtube.com/watch?v=NO_qPJ2ZQnk', 'https://www.youtube.com/watch?v=gKqWUFEfzmA']"
69,Nex Carlos,Kuliner,0.1486,988260,15253,1205,268810.14,0.0168,5170000,"['MAKANAN GAK ADA OBAT INI BIKIN NEX PENGEN INVESTASI LAGI!!', 'JUAL MIE AYAM BAKSO CUMA 4 RIBU TAPI BISA BELI TANAH BUAT 6 ANAKNYA!!']","[1625158, 1256398]","['https://www.youtube.com/watch?v=5rovkuYxhLY', 'https://www.youtube.com/watch?v=HoARetLmjNM']"
70,Fitra Eri,Otomotif,0.1472,280045,5532,632,196792.16,0.027,3170000,"['BELI MOBIL LANGKA, MUNGIL TAPI BERMESIN RAKSASA', 'MOBIL MOBIL FAVORIT KAMI DI GIIAS 2025 | FEAT. OM MOBI']","[774987, 599458]","['https://www.youtube.com/watch?v=nhKGYYhqsFQ', 'https://www.youtube.com/watch?v=xzXKqQBs-nY']"
71,Makna Talks,Podcast,0.1471,34308,1000,69,32288.99,0.0357,187000,"['The new beginning for Rae Lil Black | Talks International', 'Pod. 314 Yandy Laurens TALKS ABOUT THE YANDY LAURENS WAY']","[104022, 98829]","['https://www.youtube.com/watch?v=dHxuSczMfUw', 'https://www.youtube.com/watch?v=b1tA0aeoTA0']"
72,Edukasi Dunia Satwa,Edukasi,0.1465,354257,2106,191,97915.24,0.0311,33000,"['Jepang Membawa Pembasmi Ular ke Pulau, 25 Tahun Kemudian, Semua Orang Terkejut!', '10 RAS AYAM PALING UNIK DAN MENAKJUBKAN DI DUNIA (2025)']","[2605154, 335782]","['https://www.youtube.com/watch?v=i4xYRtU-FXU', 'https://www.youtube.com/watch?v=H8SI7lEyj-s']"
73,Kios Komputer,Techno,0.1422,7766,250,26,1355.34,0.0352,584000,"['kali ini Mending laptop daripada RAKIT PC   |   Axioo Pongo 775 RTX 5070', 'boleh juga nih,, 5jt an uda dapat spek ganas gini.. Mini PC colorful Smart 300']","[13492, 11699]","['https://www.youtube.com/watch?v=MVE6DdTojA8', 'https://www.youtube.com/watch?v=SFgQi7lF6yM']"
74,Iwan Banaran,Otomotif,0.1409,103587,2396,897,36700.97,0.0322,1140000,"['MARQUEZ BALIK KE HONDA ‚ÅâÔ∏è üò± LINE UP MOTOGP 2026‚Ä¶SEJARAH MENCATAT üî•', 'PIRRO : MARQUEZ HANCURKAN DUCATI ‚ùåüò± TOPRAK SEGERA TEST M1 üî•']","[181491, 147515]","['https://www.youtube.com/watch?v=3TkAXe9CibU', 'https://www.youtube.com/watch?v=QoCBaCIIbN8']"
75,Ridwan Hanif,Otomotif,0.1408,77650,1537,146,43046.56,0.0313,3260000,"['TEST DRIVE SUZUKI FRONX! APAKAH WORTH IT?', 'BEGINI RASANYA DENZA D9 SI ALPHARD KILLER']","[237074, 230877]","['https://www.youtube.com/watch?v=o0JPkp7WHlA', 'https://www.youtube.com/watch?v=Su3zXZ2IHBU']"
76,Lonceng Mystery,Podcast,0.1362,142297,3578,383,124345.78,0.0291,762000,"['JAGA MALAM HOROR !! SECURITY KAMPUS ANGKER DI JAKARTA', 'HATI-HATI PILIH KOSAN !! DITEROR SETAN SAMPE NYAWA MELAYANG']","[241692, 215526]","['https://www.youtube.com/watch?v=hXLVcg7bdoM', 'https://www.youtube.com/watch?v=gOM53yiFYeQ']"
77,Podkesmas,Podcast,0.1359,291506,6895,406,238470.59,0.025,305000,"['SHOWKESMAS - KENAKALAN RADITYA DIKA TERLALU LIAR BUAT PODKESMAS!!!', 'SHOWKESMAS - KELIHATAN SANTAI, TAPI TERNYATA JEGEL OVERTHINKER BANGET!']","[1152366, 791393]","['https://www.youtube.com/watch?v=QE3hQx8Ov8s', 'https://www.youtube.com/watch?v=vHp324UKJOE']"
78,Timotius Mulyadi,Entertainment,0.1358,9365,182,10,292.41,0.0285,8160000,"['KEJEDOT LANTAI PAS UNDERWATER GAYA PUNGGUNG ?!üò≠üèäüèª\u200d‚ôÇÔ∏èü§£', 'JAJAN PAKAI 100 BAHT DI BANGKOK THAILAND DAPET APA AJA? ü§§üáπüá≠']","[29630, 13847]","['https://www.youtube.com/watch?v=nU5gSgfn5qY', 'https://www.youtube.com/watch?v=KeYN1-bdfB8']"
79,Putu Reza,Techno,0.1325,43602,795,145,10395.43,0.0322,582000,"['Samsung S25 Edge Baru 3 Bulan, Turun 5-7 Juta! Gak Laku??', 'OPPO RENO Gak Pernah Sebagus Ini - Review OPPO Reno 14 Pro 5G Indonesia']","[184788, 64782]","['https://www.youtube.com/watch?v=MEj6OXyyY_k', 'https://www.youtube.com/watch?v=D2TnIu3IQQE']"
80,Separuh Aku Lemak,Kuliner,0.1308,35664,854,18,4266.6,0.0311,1960000,"['MAKIN SUKSES!! DULU JUALAN SEBLAK DI BEDENK, SEKARANG JUALAN DI RUKO!! SEBLAK TEH SUSI MANTAP!', 'Mie Nyemek Stasiun Gondangdia, Jakarta Pusat']","[170247, 38454]","['https://www.youtube.com/watch?v=QnABJvOD49c', 'https://www.youtube.com/watch?v=36RLxL1TeVg']"
81,Pizza Gadget,Techno,0.1302,80151,1924,180,9366.1,0.0314,287000,"['Tablet yg Menang Banyak - Xiaomi Pad 7', 'Tablet 5 Jutaan yang Speknya Kelewat Mantap!! Xiaomi Pad 7 Review']","[303862, 181113]","['https://www.youtube.com/watch?v=C1J_FGpnsXE', 'https://www.youtube.com/watch?v=fEVHZy4V5ig']"
82,Den Dimas,Otomotif,0.1291,71718,1391,171,26328.14,0.0303,1110000,"['TERNYATA BUS ITU BOROS‚ÄºÔ∏è Mesin 12.000cc Tangki Solar 400 Liter üò± Bahas Bus New Armada Sama Mas Arkan', 'JANGAN MAIN MIO, BIKIN SUSAH‚ÄºÔ∏è Mio Jumawa Rusak di Sunmori Jogja üò¢']","[244304, 96734]","['https://www.youtube.com/watch?v=V5lf3Rn67Vw', 'https://www.youtube.com/watch?v=0FifHCZDy1A']"
83,Gofar Hilman,Podcast,0.1273,162146,3698,567,94317.63,0.0267,1500000,"['Grind Boys Eps.206 - ""Ada Longbo Nih""', 'Our Daily Mountain Life!']","[340049, 280649]","['https://www.youtube.com/watch?v=_TW5WP2PgvA', 'https://www.youtube.com/watch?v=nzLkEhF6LNE']"
84,Volix Media,Podcast,0.126,8758,219,9,1376.15,0.0312,503000,"['KETIKA BASKARA NGAJARIN ISYANA VELOCITY', 'SERING DIANGGAP LUCU, ISYANA SARASVATI JADI KEPIKIRAN SAMA EKSPEKTASI FANS | #VINIAR ']","[28067, 21587]","['https://www.youtube.com/watch?v=LIh4arAX1cs', 'https://www.youtube.com/watch?v=0eo0KOkzcoY']"
85,Om Mobi,Otomotif,0.1254,140854,2823,406,128115.18,0.0258,1500000,"['MOBIL-MOBIL TIDAK FAVORIT DI GIIAS 2025 | Ft: Fitra Eri', 'GIIAS 2025 paling meriah']","[462823, 189481]","['https://www.youtube.com/watch?v=ej5a7qRUenU', 'https://www.youtube.com/watch?v=a9a0XcT3qu8']"
86,"dr. Richard Lee, MARS",Podcast,0.1188,27578,432,206,15017.86,0.0253,5630000,"['UPDATE DATA TERBARU! SEBENTAR LAGI DOKTIF TERSANGKA ?!', 'PENJELASAN FILM MERAH PUTIH ONE FOR ALL! AKAN TAYANG TIAP TAHUN!!']","[163321, 51274]","['https://www.youtube.com/watch?v=4rRSj_kgdMM', 'https://www.youtube.com/watch?v=K6PnccNGMMk']"
87,Tema Indonesia,Podcast,0.1173,193331,5595,866,157954.82,0.0214,2590000,"['ANIES BASWEDAN ULTI THE DARKLORD‚ùóü§£ SIAP MASUK NERAKA‚ÅâÔ∏è', 'COKI TAGIH PEMBUKTIAN ALIEN‚ùìü§£GURU GEMBUL SEBUT ELON MUSK‚ÄºÔ∏è']","[795652, 458155]","['https://www.youtube.com/watch?v=Hj9ih4Y3n8k', 'https://www.youtube.com/watch?v=hMxmgrnpzoQ']"
88,Dedi Nugroho,Techno,0.1172,1368,28,10,404.06,0.0294,6290,"['Cara Menghubungkan WhatsApp Ke n8n dengan WAHA | SumoPod + WAHA', 'Buat AI Agent Sendiri di n8n: Mudah & Cepat untuk Pemula!']","[2919, 2245]","['https://www.youtube.com/watch?v=TG47sgL7V-U', 'https://www.youtube.com/watch?v=ltFdILYkdz4']"
89,Bella Kuku Tanesia,Kuliner,0.1165,118066,2469,82,28099.8,0.0259,2140000,"['BAKSO MIE AYAM PUNYA CHEF ISMAYA TUMPAH SAMBEL SHELY CHE?!', 'LEGEND! 10TAHUN LANGGANAN PECEL AYAM SAMBEL SETAN TERENAK INI!']","[244282, 225578]","['https://www.youtube.com/watch?v=09fphwsZDwc', 'https://www.youtube.com/watch?v=ihUrNNdUEfU']"
90,Anak Kuliner,Kuliner,0.1157,145372,2924,341,23755.27,0.0256,1760000,"['ADIT COMEBACK REVIEW JULID MASAKAN MANADO PINKAN MAMBO!!', 'Masakan Manado Pinkan Mambo Super MAHAL!!']","[476905, 238362]","['https://www.youtube.com/watch?v=13FIz0cDavI', 'https://www.youtube.com/watch?v=R2wXoNqjuo0']"
91,Keysa Mahesa,Otomotif,0.1153,189879,3009,108,15549.96,0.0261,744000,"['Modif Tipis Aerox', 'aerox spek tapi ngelimit üôÑ']","[945570, 451800]","['https://www.youtube.com/watch?v=1iiJfLnDFYk', 'https://www.youtube.com/watch?v=4BOQhJ-H7Xo']"
92,SISI TERANG,Edukasi,0.114,8868,100,10,21881.3,0.0211,10100000,"['Mengapa Australia Membangun Pagar yang Lebih Panjang dari Tembok Besar', 'Bagian Bumi yang Hilang Ditemukan Setelah 20 Juta Tahun!']","[27658, 15618]","['https://www.youtube.com/watch?v=70kKqaFYP_k', 'https://www.youtube.com/watch?v=dYM-oFPXTyk']"
93,kawan dapur,Kuliner,0.1126,22233,550,19,460.71,0.0272,1200000,"['soto semarang ayam banyak seporsi 7000 #food #foodie #kuliner #idejualan', 'sate aci keliling seporsi 5000 #food #foodie #kuliner #idejualan']","[38666, 38543]","['https://www.youtube.com/watch?v=Mv7m3kitMAI', 'https://www.youtube.com/watch?v=MTiHcwrC_Zg']"
94,Ruangguru Bimbel Terbesar No. 1 di Indonesia!,Edukasi,0.1116,3248,65,1,3353.4,0.0263,2410000,"['[LIVE] BIOLOGI SMA | Coaching Clinic National Round KSR 2025', '[LIVE] IPA SD UPPER | Coaching Clinic National Round KSR 2025']","[14355, 4408]","['https://www.youtube.com/watch?v=ZNyj9tXeHnU', 'https://www.youtube.com/watch?v=QSaByT3UQ8Y']"
95,Pan Channel,Techno,0.1107,9052,108,30,1583.27,0.0275,305000,"['SPEK PENGHANCUR PASAR‚ÄºÔ∏èINFINIX NOTE 60 PRO - HP TERBUAS GACOR PARAH', 'NGILER PARAH‚ÄºÔ∏èRAM 12/512GB + 7300mAh - HP BUAT JANGKA PANJANG TERBARU 2025']","[24158, 16458]","['https://www.youtube.com/watch?v=cRyPPieX7w0', 'https://www.youtube.com/watch?v=DjmOOSB7e-o']"
96,Up To Date IDN,Techno,0.1099,64169,1554,260,7111.4,0.0264,355000,"['3 Fitur RAHASIA di POCO F7 ü§´', 'Beda 1JUTA! Mending POCO F7 apa X7 PRO?']","[212907, 101541]","['https://www.youtube.com/watch?v=vay4Bf5HOhE', 'https://www.youtube.com/watch?v=yKS5YfqckVY']"
97,Rockaroma ID,Podcast,0.109,115500,3491,132,112702.33,0.0232,308000,"['KING ALOY NGEGAS, PRAZ GAK KALAH NGEGAS. STUDIO FULL ASEP! - KASIH PAHAM BRO!', 'Calon mertua hampir gak suka Ate gara-gara ini??üòÇ']","[1092639, 21733]","['https://www.youtube.com/watch?v=7XaSpHFzjUk', 'https://www.youtube.com/watch?v=_Vowv2JYErk']"
98,LugNutz Auto Junkie,Otomotif,0.109,23001,321,80,11027.66,0.0265,545000,"['BYD Atto 1 Langsung TERASA SEMPIT Deh! EV Murah 4 Pintu Terbaru Jetour X20e Siap LAWAN Wuling & BYD?', 'SUV Cina Mati Terbengkalai! TARUNA KW Ini Bernasib Serupa ZNA SUCCE? Kok Ada ZOTYE Nomad 2008 Di üáÆüá©?']","[54801, 53305]","['https://www.youtube.com/watch?v=N4CO8mliTNI', 'https://www.youtube.com/watch?v=sacc7aDK_s0']"
99,JPro CarVlog,Otomotif,0.1083,43737,1008,88,18648.81,0.0258,655000,"['GANTI KNALPOT FULL SYSTEM BMW 330I G20 BY SOKUDO EXHAUST !!!', 'AKHIRNYA GTR R35 ‚ÄúMADZILLA‚Äù COMEBACK !! LANGSUNG GANTI BAN ']","[103799, 90300]","['https://www.youtube.com/watch?v=DAg1aX-fu0M', 'https://www.youtube.com/watch?v=Z4X5hjgBhZc']"
100,Boengkoes,Kuliner,0.1068,137959,2624,213,32149.86,0.0236,1320000,"['WARMINDO TERKECIL DENGAN MENU BANYAK BANGET!! SAMPE ADA NASI BALI!!', 'BARU BUKA LANGSUNG DISERBU BAKSO ENAK PINGGIR JALAN DEPOK!!']","[204959, 198057]","['https://www.youtube.com/watch?v=rlnt0UfN6Vk', 'https://www.youtube.com/watch?v=wtfqMw4S5JQ']"
101,Jejelogy,Otomotif,0.1041,37514,858,71,12676.86,0.025,571000,"['REVIEW NISSAN PATROL 2025. SAYA BANDINGKAN DENGAN TOYOTA LAND CRUISER 300. | GIIAS 2025', 'WOW! BANYAK LAND CRUISER GAGAH & UNIK DISINI! | JAMBORE TLCI SARIATER (PART 1/3)']","[73386, 48611]","['https://www.youtube.com/watch?v=rHZ40CPsVic', 'https://www.youtube.com/watch?v=dCL1glO4eGc']"
102,NT Gadget,Techno,0.1039,8713,112,57,525.55,0.026,24400,"['UPGRADE PARAH‚ÄºÔ∏è SAMSUNG GALAXY A07 SEJUTAAN UDAH NGEBUT', 'INGET HARGA‚ÄºÔ∏è XIAOMI REDMI 15 4G BATERAI BIKIN GUMOH 7000 mAh']","[17222, 14493]","['https://www.youtube.com/watch?v=YiUY3ek9Adw', 'https://www.youtube.com/watch?v=ZEz9Sn9Vrc0']"
103,ShantyDenny,Kuliner,0.1024,78644,1276,138,25623.21,0.0218,3640000,"['PANTES VIRAL!! SEENAK INI!! BAKMIE ""PI"" 24!!', 'ISIAN FULL!! BAKSO GARUT BANGET!! BAKSO PRASMANAN NUSANTARA!!']","[151053, 144662]","['https://www.youtube.com/watch?v=wxF5GhgIYuc', 'https://www.youtube.com/watch?v=emR2_UR902o']"
104,iTechLife,Techno,0.0991,44680,685,228,9050.31,0.0238,544000,"['KACAU!! Eksklusif Bocoran Terbaru iPhone 17 Pro : SEMAKIN JELAS!', 'MAKIN GANTENG! Inilah Desain Final iPhone 17 Pro?!üî• Bocoran & Rumor Terbaru!']","[110380, 100913]","['https://www.youtube.com/watch?v=HB-U66q6yWE', 'https://www.youtube.com/watch?v=cX-7SJj3KHs']"
105,Gerebek Otomotif,Otomotif,0.0963,47977,1017,53,24844.55,0.023,129000,"['HANS TEKNO : SAYA HANYA INGIN MEMOTIVASI YANG LAIN', 'PROSES SCRUUT ENGINE TEKNO TUNER | KOMENG WIN']","[120892, 80331]","['https://www.youtube.com/watch?v=S97xfGO2jcQ', 'https://www.youtube.com/watch?v=2mUtbHuPDFk']"
106,OTOMOTIF TV,Otomotif,0.0949,111518,1567,342,57863.56,0.0204,1090000,"['MOTOR-MOTOR BARU di GIIAS 2025, ADA APA SAJA..?!?!? l Otomotif TV', 'MASIH LEBIH MURAH DARI FORZA, YAMAHA XMAX 250 2025 | Otomotif TV']","[378864, 147447]","['https://www.youtube.com/watch?v=pTEFsu0uPmE', 'https://www.youtube.com/watch?v=fMrbsIKWG1g']"
107,WKWK Project,Entertainment,0.0948,53098,1495,158,51202.71,0.0207,1860000,"['BBK EP. 96 | CATHEEZ BENCI DENSU, DI FITNAH L*SBIOLA‚ÄºÔ∏è KLARIF DENSU TENTANG DJ PANDA & JEFRI NICHOL', 'KANG SULE DIPOJOKIN FBYANA NIH']","[499180, 7085]","['https://www.youtube.com/watch?v=OTaCKXdlxes', 'https://www.youtube.com/watch?v=1C13jea0QkE']"
108,Ken & Grat,Kuliner,0.0939,227159,3160,269,44737.29,0.0181,3000000,"['COBAIN CAFE MEWAH NYA DEDDY CORBUZIER, RAME TERUS SEPANJANG HARI!', 'DAPUR ASIX ANANG ASHANTY BUKA LAGI, HARGA DARI 20.000 AJA!']","[541069, 440920]","['https://www.youtube.com/watch?v=hEIGjh9IQR4', 'https://www.youtube.com/watch?v=tHr1T08hrag']"
109,Bang Mpin,Kuliner,0.0917,57417,1134,91,10884.33,0.0217,627000,"['PADA BAWEL NYURUH KESINI !! AKHIRNYA GUE SAMPERIN LANGSUNG NIH..', 'KAGET PENGACARA ARTIS TERKENAL!! BANTING STIR MALAH JUALAN BAKSO..']","[82936, 79460]","['https://www.youtube.com/watch?v=ewwyzTTVnpk', 'https://www.youtube.com/watch?v=OQMNwscQDk0']"
110,Dyodoran,Kuliner,0.086,38068,536,55,8090.0,0.0205,722000,"['Seafood Legend Pinggir Jalan Harganya Murah Meriah, 50 Ribu Dapat Gurame Jumbo!', 'Spesial Masakan Jawa Ada di Sini! 8 Ribu Udah Bisa Makan Enak!']","[70120, 67223]","['https://www.youtube.com/watch?v=b-dNX85a0aI', 'https://www.youtube.com/watch?v=pC52ADbNa08']"
111,Gerry Girianza,Kuliner,0.0813,151897,2431,212,58563.17,0.0164,1500000,"['PANAS! SEBLAK MIE BANGLADESH SETAN PAKE WAGYU', 'VIRAL! MIE TOMYUM MURAH JUALAN 2jam LANGSUNG SOLDOUT']","[360747, 274852]","['https://www.youtube.com/watch?v=rTJwRCoQtgw', 'https://www.youtube.com/watch?v=L9jqK8lLxJc']"
112,Pengepul Mobil,Otomotif,0.0807,66212,931,95,25715.34,0.0186,587000,"['CUMA 195 JUTA‚ÅâÔ∏èAPA SAJA KEKURANGAN DAN KELEBIHAN BYD ATTO 1 2025‚ÅâÔ∏è', 'LAND ROVER DEFENDER 110 DOUBLE CABIN, KITA SWAP ENGINE PAKAI MESIN FORD BARRA‚ÄºÔ∏èPROJECT BARRA PART 1']","[174852, 124587]","['https://www.youtube.com/watch?v=dmbIIjQYiJs', 'https://www.youtube.com/watch?v=6SvZe7dwBn0']"
113,Otodriver,Otomotif,0.0798,36073,486,133,9895.06,0.0184,1490000,"['Wuling Cortez Darion : Ada Versi EV & PHEV', 'Daihatsu Rocky e-Smart Hybrid 2025: Hybrid CBU Jepang']","[72482, 71711]","['https://www.youtube.com/watch?v=u15u__XZoDo', 'https://www.youtube.com/watch?v=hI5bkCBnnCQ']"
114,Rumah Canda Melki,Kuliner,0.0796,67900,879,161,23045.85,0.0184,388000,"['BIKIN NGILER Jalan-Jalan ~ Seharian Kulineran Khas Klaten (episode 43)', 'BIKIN NGILER Jalan-Jalan ~ Kuliner Tradisional & Pesona Perkebunan Tembakau Temanggung (episode 44)']","[255653, 186404]","['https://www.youtube.com/watch?v=pDG7J0AzVXU', 'https://www.youtube.com/watch?v=Xh_A8PNBAbU']"
115,Trifellas,Podcast,0.0629,52361,941,103,37109.82,0.0143,26100,"['FILSAFAT & SEPAK BOLA', 'Skill Bisa Latih, Mental Bisa Nggak?']","[262692, 147851]","['https://www.youtube.com/watch?v=arGA7Kh_8Sw', 'https://www.youtube.com/watch?v=L1z6-SArYfU']"
116,ARYAPEDIA,Techno,0.0485,18195,155,29,3963.71,0.0119,8930,"['MENDING INI, 7 HP 3 JUTAAN TERBAIK [3,5 - 3,9 JUTAAN] HIGH PERFORMANCE 2025', 'YAKIN NOLAK?, 7 HP 4 JUTAAN TERBAIK HIGH PERFORMANCE JULI 2025']","[29007, 28031]","['https://www.youtube.com/watch?v=dG3PrpSnojI', 'https://www.youtube.com/watch?v=S-4y4wY3XhY']"
117,Autobahn ,Otomotif,0.0482,9643,87,1,35.74,0.012,10800,"['Cowo sebenarnya lebih cerdik gak sih ? üòÇ #comedy', 'Maaf ya om selera saya sudah berubah üôèüèª #mercedes #otomotif']","[30786, 21725]","['https://www.youtube.com/watch?v=ewkBQRrrSx8', 'https://www.youtube.com/watch?v=pSYvrWPlS5I']"
118,Kaks Production,Podcast,0.0452,17499,180,1,219.27,0.0108,612000,"['Kaks Vino satu SMA dengan kaks Desta dan kaks Anggun', 'Awal kaarir film kaks Vino']","[36980, 27114]","['https://www.youtube.com/watch?v=iRP1dxZr_rY', 'https://www.youtube.com/watch?v=l_lJ1lmiPu4']"
119,AUTO DP,Otomotif,0.0417,5747,47,10,1023.63,0.0103,204000,"[""MEMBLUDAK‚Äº Baru 3 Hari DiPamerkan langsung Terjual 20.000'unit (calon mobil sejuta umat)"", 'BIKIN GEMPAR‚Äº Mentri Perindustrian Dibikin Kaget üò± MOBIL Listrik T Buatan Indonesia !!']","[11592, 10373]","['https://www.youtube.com/watch?v=vJrFkmPh6m0', 'https://www.youtube.com/watch?v=Ood1XR8687Q']"
120,Abu Garage,Otomotif,0.0367,17185,152,1,167.99,0.0088,293000,"['Dozer vs Loader #alatberat #tambang #shortvideo', 'Ternyat Truk ini tidak bisa berjalan sendiri dijalan #alatberat #trukmania #tambang #shorts']","[39217, 28765]","['https://www.youtube.com/watch?v=mb6-iOw6Bvk', 'https://www.youtube.com/watch?v=9J4G5fJLFPo']"
